{
  "dt": 0.01,
  "samples": 100000,
  "svd_rank": 11,
  "delays": 100,
  "reconstruction_rmse": 0.3182673760368638,
  "reconstruction_relative_rmse": 0.5382797839275125,
  "reconstruction_correlation": 0.8718078918089057,
  "prediction_rmse": 0.509119577407428,
  "prediction_relative_rmse": 0.9350385916386001,
  "prediction_correlation": 0.7564931826692222,
  "forcing_threshold": 0.002221654884240906,
  "forcing_active_fraction": 0.09700603597561586,
  "burst_count": 47,
  "max_burst_to_active_forcing_gap_s": 0.6000000000000227,
  "median_burst_to_active_forcing_gap_s": 0.12000000000000455,
  "mean_signed_burst_to_active_forcing_gap_s": 0.15893617021276238,
  "median_signed_burst_to_active_forcing_gap_s": 0.12000000000000455,
  "fraction_bursts_with_nearest_active_forcing_before_onset": 0.3617021276595745,
  "rank5_energy_fraction": 0.9999872807766875,
  "rank11_energy_fraction": 0.9999999994649823,
  "operator_skewness_residual": 0.044603061282186114,
  "operator_off_tridiagonal_fraction": 0.12168333007884116
}